Feature,Importance
volume_obv,0.34715353624218737
volume_adi,0.18735482732944292
trend_adx,0.055984925434073164
volume_mfi,0.04610732888322799
volume_cmf,0.0447218030460282
trend_mass_index,0.04081178201353959
volatility_ui,0.037176215498778926
volatility_dcw,0.03535889126295414
momentum_pvo,0.03519327857637527
momentum_pvo_signal,0.03194736812216074
volatility_bbw,0.030417236614079104
bb_width_20,0.030394733664723103
volatility_kcw,0.030161970952283835
volatility_atr,0.024007162845313176
atr_14,0.023208939514832605
