Feature,Importance
volume_adi,0.22153567582031883
momentum_pvo_signal,0.08785726565623705
trend_mass_index,0.06362502599552321
atr_14,0.0612016204445706
volume_cmf,0.06059925325818333
volume_obv,0.05854129787284545
momentum_pvo,0.05381764306407088
trend_adx,0.0522222160900855
volatility_atr,0.0521163710337946
volatility_dcw,0.05196563713100921
volatility_kcw,0.05151150680542732
volatility_ui,0.04929081330541955
volatility_bbw,0.04901339952207716
bb_width_20,0.046758817606407696
volume_mfi,0.03994345639402961
