Feature,Importance
volume_obv,0.21645179104227127
volume_cmf,0.0884757915417
volatility_ui,0.0832879675137819
volume_mfi,0.07652606890954516
trend_mass_index,0.06704956885227953
volatility_bbw,0.06544831400015025
volatility_dcw,0.06326103301751093
atr_14,0.05907298514998012
bb_width_20,0.05581196901838968
volatility_kcw,0.05031016918437212
volatility_atr,0.04884706776008778
trend_adx,0.044962142748110064
momentum_pvo_signal,0.04176904100653045
momentum_pvo,0.03857973543819566
volume_adi,0.000146354817095076
