Feature,Importance
volatility_atr,0.1376021989106692
atr_14,0.07962799289892807
volatility_kcw,0.07384378216128289
momentum_pvo_signal,0.06825034591503747
volume_obv,0.06614404514207599
volume_mfi,0.06301806238457361
volume_adi,0.062227031146002525
volatility_ui,0.06219087130996512
trend_adx,0.06212285523754767
trend_mass_index,0.05538058037563437
volatility_dcw,0.05519756530983865
volume_cmf,0.05503733240789951
volatility_bbw,0.05450282856127275
bb_width_20,0.054300395595708824
momentum_pvo,0.0505541126435633
