Feature,Importance
volume_adi,0.15160384111984082
volume_obv,0.12155086200857831
trend_adx,0.06865452233478385
bb_width_20,0.06016206062523319
momentum_pvo_signal,0.05804764179930317
volatility_atr,0.05732943662343883
volume_cmf,0.05729679758372643
atr_14,0.056572899510465575
volume_mfi,0.05467653303074548
volatility_bbw,0.05462590020147872
volatility_dcw,0.05326145624467266
volatility_ui,0.05229766366019523
momentum_pvo,0.052110894004068924
volatility_kcw,0.05187659055906372
trend_mass_index,0.049932900694405244
