Feature,Importance
volume_obv,0.13522060214250867
volume_adi,0.09955537291453904
volatility_bbw,0.07519739721837738
trend_mass_index,0.07377416847525137
volatility_dcw,0.0692112772250191
bb_width_20,0.06379432521349
volume_mfi,0.06178356772841467
momentum_pvo_signal,0.059214809171602226
trend_adx,0.05839767698092906
atr_14,0.055816646004949344
volatility_ui,0.05535201682510422
volume_cmf,0.053631883529177644
momentum_pvo,0.051154672796685514
volatility_atr,0.04475435469986549
volatility_kcw,0.0431412290740865
