Feature,Importance
volume_obv,0.28406319904176863
volume_cmf,0.11168521225163221
volatility_bbw,0.0673770399522448
volatility_atr,0.06188698252352848
volatility_ui,0.056129570628209155
bb_width_20,0.055979822941051936
volume_mfi,0.05578341742819613
volatility_dcw,0.05437869071640635
atr_14,0.049722468376247345
volatility_kcw,0.04527865853466818
trend_adx,0.044076102763697
trend_mass_index,0.04014984695233195
momentum_pvo_signal,0.03819649719332483
momentum_pvo,0.035292490696693025
volume_adi,0.0
