Feature,Importance
volume_adi,0.25298276805393854
volume_obv,0.20539586064560064
trend_mass_index,0.05533459715532384
trend_adx,0.04935640905199223
volume_cmf,0.04608715035416859
bb_width_20,0.0451101238480535
volatility_bbw,0.04464510493309519
volatility_dcw,0.04286760124580819
volatility_ui,0.042573159010444055
atr_14,0.04223393309881668
momentum_pvo_signal,0.037815096208970604
volatility_kcw,0.03507234517767941
momentum_pvo,0.03466580858433386
volatility_atr,0.033018568913122326
volume_mfi,0.03284147371865231
