Feature,Importance
volume_adi,0.323305837424264
volume_obv,0.1425758547191359
volatility_atr,0.0499374274624455
volume_mfi,0.046165601661554874
volatility_kcw,0.045774655334970854
trend_mass_index,0.04310998265319784
momentum_pvo,0.04254834820029289
volume_cmf,0.04231514992225125
bb_width_20,0.040384337450483476
volatility_dcw,0.04011251760957134
atr_14,0.04000824998035845
momentum_pvo_signal,0.038945544655386376
volatility_ui,0.03684474484458129
volatility_bbw,0.035716858358752004
trend_adx,0.032254889722753935
