Feature,Importance
volume_obv,0.3734805753200379
volume_adi,0.12437176151397128
trend_adx,0.047709226892370504
momentum_pvo_signal,0.046125256802687795
volatility_atr,0.04606164250141154
atr_14,0.04595409530663655
volatility_ui,0.04155057327393079
momentum_pvo,0.0382195975169042
volatility_bbw,0.036334506706265174
trend_mass_index,0.03587454071019302
volume_mfi,0.03542531959160474
volume_cmf,0.03535565917754519
volatility_kcw,0.03436187114843115
volatility_dcw,0.03415288246251387
bb_width_20,0.025022491075496388
