Feature,Importance
volume_obv,0.195057762417701
volume_adi,0.1423083470139413
volume_cmf,0.05952060330723123
volatility_atr,0.05555612132736769
trend_mass_index,0.052504299387767996
volatility_ui,0.05166935958704102
trend_adx,0.0515740967256343
atr_14,0.05134198302857853
volatility_bbw,0.051327858606779256
volume_mfi,0.051227082973054464
momentum_pvo_signal,0.050816886653124074
volatility_dcw,0.04997675522253044
bb_width_20,0.047771907703903785
volatility_kcw,0.0461332778932266
momentum_pvo,0.043213658152118355
